Workbook

Sheet Summary
A1: LIS iOS Implementation Estimate
A2: 300-hour core iOS app + separate 35-hour automatic TPK/layers update module
A4: CORE IOS APP | C4: AUTO UPDATE | E4: COMBINED BASELINE | G4: BUFFERED TOTAL
A5: ='Detailed Estimate'!D21 -> 300 | C5: ='Auto Layers Update'!D13 -> 35 | E5: =A5+C5 -> 335 | G5: =E5*(1+Assumptions!D6) -> 385.25
A8: Schedule Metric | B8: Value | D8: Workstream | E8: Hours | F8: % Total
A9: Productive hours / week | B9: =Assumptions!D5 -> 35 | D9: Foundation | E9: =SUM('Detailed Estimate'!D6:D7) -> 18 | F9: =E9/$E$5 -> 0.053731343
A10: Core app working weeks | B10: =A5/B9 -> 8.5714286 | D10: Access & Data | E10: =SUM('Detailed Estimate'!D8:D10) -> 48 | F10: =E10/$E$5 -> 0.14328358
A11: Combined baseline weeks | B11: =E5/B9 -> 9.5714286 | D11: Map & Field Workflow | E11: =SUM('Detailed Estimate'!D11:D13)+'Detailed Estimate'!D15+'Detailed Estimate'!D16 -> 105 | F11: =E11/$E$5 -> 0.31343284
A12: Buffered working weeks | B12: =G5/B9 -> 11.007143 | D12: Reliability & Delivery | E12: ='Detailed Estimate'!D14+'Detailed Estimate'!D17+'Detailed Estimate'!D18+'Detailed Estimate'!D19 -> 78 | F12: =E12/$E$5 -> 0.23283582
A13: Buffered calendar months | B13: =B12/Assumptions!D7 -> 2.5420653 | D13: Auto Layers Update | E13: ='Auto Layers Update'!D13 -> 35 | F13: =E13/$E$5 -> 0.10447761
D14: Testing & Release | E14: ='Detailed Estimate'!D20 -> 51 | F14: =E14/$E$5 -> 0.15223881
A16: Key Scope Notes
A17: • The core iOS application is estimated at 300 hours; automatic monthly map/layer updates add 35 hours separately.
A18: • Existing stable APIs, known LIS Desktop/Web behavior and AI development tools are reflected in the estimate.
A19: • The combined baseline is 335 hours; the 15% contingency is shown separately and produces the buffered total.
A20: • Calendar duration depends on device access, review cycles, API stability and field-test availability.

Sheet Detailed Estimate
A1: LIS iOS — Greenfield Implementation Estimate
A2: Core iOS application target: 300 hours. Automatic map/layer updates are estimated separately.
A5: ID | B5: Module | C5: Scope / Included Work | D5: Hours | E5: % Total | F5: Primary Deliverable | G5: Dependency | H5: Risk
A6: 1 | B6: Project Setup & Release Foundation | C6: Xcode project, environments, dependency setup, configuration, signing baseline and app structure. | D6: 8 | E6: =D6/$D$21 -> 0.026666667 | F6: Buildable project foundation | G6: Apple account / Xcode | H6: Low
A7: 2 | B7: Architecture & Core Models | C7: App state, domain models, service/repository boundaries, shared errors and dependency injection. | D7: 10 | E7: =D7/$D$21 -> 0.033333333 | F7: Maintainable SwiftUI architecture | G7: Project setup | H7: Low
A8: 3 | B8: Authentication & Regio | C8: Keycloak login, Keychain storage, session expiry/refresh, /auth/me, logout and regio resolution. | D8: 18 | E8: =D8/$D$21 -> 0.06 | F8: Secure authenticated session | G8: Stable auth APIs | H8: Medium
A9: 4 | B9: API Client & DTO Mapping | C9: Reusable API client, request/response handling, DTOs, model mappers and authenticated calls. | D9: 16 | E9: =D9/$D$21 -> 0.053333333 | F9: Typed API integration layer | G9: Authentication | H9: Medium
A10: 5 | B10: Flight Plan Selection & Opening | C10: Fetch regional plans, list/select/open flow, download required data and create active session. | D10: 14 | E10: =D10/$D$21 -> 0.046666667 | F10: Usable plan preparation flow | G10: API client | H10: Low
A11: 6 | B11: Offline TPK/TPKX Basemap | C11: Import, validate, store and load offline tile packages; missing/corrupt/storage handling. | D11: 16 | E11: =D11/$D$21 -> 0.053333333 | F11: Reliable offline basemap | G11: ArcGIS SDK | H11: Medium
A12: 7 | B12: Map Workspace & Geometry Layers | C12: ArcGIS map, points, lines, polygons, symbols, selection, locked layers and map interactions. | D12: 30 | E12: =D12/$D$21 -> 0.1 | F12: Operational inspection map | G12: Plans + basemap | H12: High
A13: 8 | B13: Inspection Workflow | C13: Shared point/geometry form, notes, statuses, item colors, open-item workflow and list/map synchronization. | D13: 23 | E13: =D13/$D$21 -> 0.076666667 | F13: Complete local inspection flow | G13: Map workspace | H13: Medium
A14: 9 | B14: Local Storage & Recovery | C14: Autosave, active-session JSON, finished plans, atomic writes, restart/crash recovery and safe cleanup. | D14: 28 | E14: =D14/$D$21 -> 0.093333333 | F14: No-loss local-first storage | G14: Core models | H14: High
A15: 10 | B15: GPS, Helicopter & Flight Path | C15: CoreLocation permissions, current position, speed/altitude/course, red path and local track storage. | D15: 18 | E15: =D15/$D$21 -> 0.06 | F15: Live flight navigation data | G15: Map + local storage | H15: Medium
A16: 11 | B16: Photos & Attachments | C16: Camera, photo library/files, local originals/thumbnails, point/geometry attachment and safe retention. | D16: 18 | E16: =D16/$D$21 -> 0.06 | F16: Local-first photo workflow | G16: Inspection + storage | H16: Medium
A17: 12 | B17: Timer & Action Logs | C17: Start/pause/resume timer, persisted timer state, essential action logging and logs payload. | D17: 10 | E17: =D17/$D$21 -> 0.033333333 | F17: Persisted timer and logs | G17: Local storage | H17: Low
... A20: 15 | B20: Testing, Field QA & TestFlight | C20: Unit/integration/UI tests, real iPad, offline/crash/auth/upload cases, fixes, archive and TestFlight release. | D20: 51 | E20: =D20/$D$21 -> 0.17 | F20: Pilot-ready tested build | G20: All modules | H20: High
A21: CORE IOS APP TOTAL | D21: =SUM(D6:D20) -> 300 | E21: =SUM(E6:E20) -> 1 | F21: Automatic layers update excluded

Sheet Auto Layers Update
A1: Automatic TPK / Operational Layers Update — Separate 35-Hour Add-On
A2: This 35-hour module is separate from the 300-hour core iOS application estimate.
A5: ID | B5: Work Item | C5: Included Work | D5: Hours | E5: % Auto Update | F5: Output
A6: 1 | B6: Update Architecture | C6: Package/layer ownership, region strategy, version rules and update lifecycle. | D6: 5 | E6: =D6/$D$13 -> 0.14285714 | F6: Approved update design
A7: 2 | B7: Monthly Generation Job | C7: Scheduled server script/job that generates or publishes the new package/layer release. | D7: 7 | E7: =D7/$D$13 -> 0.2 | F7: Repeatable monthly job
A8: 3 | B8: Manifest & Integrity Metadata | C8: Version, publish date, URL, size, SHA-256, minimum app version and region metadata. | D8: 4 | E8: =D8/$D$13 -> 0.11428571 | F8: Version manifest endpoint/file
A9: 4 | B9: iOS Version Check | C9: Check on launch/network return/manual refresh; compare installed and available versions. | D9: 5 | E9: =D9/$D$13 -> 0.14285714 | F9: Update availability manager
A10: 5 | B10: Background Download & Storage | C10: Background URLSession, progress, space checks, temporary file and resumable behavior. | D10: 5 | E10: =D10/$D$13 -> 0.14285714 | F10: Reliable package download
A11: 6 | B11: Validation, Atomic Swap & Rollback | C11: Verify integrity and ArcGIS load, avoid active-flight replacement, preserve last-known-good version. | D11: 5 | E11: =D11/$D$13 -> 0.14285714 | F11: Safe activation and rollback
A12: 7 | B12: Update QA & Failure Scenarios | C12: Interrupted download, invalid manifest/package, low storage, offline mode and monthly rerun testing. | D12: 4 | E12: =D12/$D$13 -> 0.11428571 | F12: Verified failure-safe update flow
A13: AUTO UPDATE TOTAL | D13: =SUM(D6:D12) -> 35 | E13: =SUM(E6:E12) -> 1 | F13: Excluded from 300-hour core app

Sheet Assumptions
A1: Estimate Assumptions & Boundaries
A4: Planning Input | D4: Value
A5: Productive hours / week | D5: 35
A6: Contingency | D6: 0.15
A7: Weeks / month | D7: 4.33
A8: Baseline scope starts from | D8: Greenfield / zero implementation
A11: # | B11: Assumption | C11: Included Interpretation | D11: Impact if False
A12: 1 | B12: Existing APIs are available and stable | C12: No major backend redesign; endpoint contracts can be consumed from Swift. | D12: Add backend analysis/change hours.
A13: 2 | B13: Windows/Web workflows are the functional reference | C13: Business rules and expected behavior are known; limited discovery is needed. | D13: Add product discovery and specification time.
A14: 3 | B14: AI coding tools are used actively | C14: AI accelerates models, DTOs, SwiftUI scaffolding, refactors and test generation. | D14: Increase implementation hours by approximately 20–35%.
A15: 4 | B15: One experienced Swift developer | C15: Estimate is effort, not a fixed calendar promise; parallel staffing is not assumed. | D15: Ramp-up or coordination changes duration.
A16: 5 | B16: Auto update uses a server-side monthly schedule | C16: iOS checks/downloads when allowed; iOS does not guarantee exact monthly background execution. | D16: A different update architecture may add scope.
A17: 6 | B17: TPK/TPKX package hosting is available | C17: A protected file location or simple endpoint can serve versioned packages and manifest. | D17: Add infrastructure/security implementation.
A18: 7 | B18: No advanced Phase-2 extras | C18: No background GPS, external GNSS, advanced admin console or complex conflict resolution. | D18: Estimate separately if requested.
A19: 8 | B19: Real-device access is available | C19: A Mac, test iPad and TestFlight access are available throughout development. | D19: External waiting time extends calendar duration.
A22: Reference | C22: URL
A23: Apple background downloads | C23: https://developer.apple.com/documentation/foundation/downloading-files-in-the-background
A24: Apple background processing | C24: https://developer.apple.com/documentation/backgroundtasks/bgprocessingtask
A25: ArcGIS scheduled offline updates | C25: https://developers.arcgis.com/swift/v200/sample-code/apply-scheduled-updates-to-preplanned-map-area/

Sheet Final Decision iOS
A1: LIS iOS Implementation Estimate
A2: 65-hour core iOS app + separate 15-hour automatic TPK/layers update module
A4: CORE IOS APP | C4: AUTO Layers UPDATE | E4: COMBINED BASELINE | G4: BUFFERED TOTAL
A5: 50 | C5: 15 | E5: =A5+C5 -> 65 | G5: =E5*(1+Assumptions!D6) -> 74.75
A8: Workstream | B8: Hours | C8: % Total
A9: Foundation | B9: 8 | C9: =B9/$E$5 -> 0.12307692
A10: Access & Data | B10: 12 | C10: =B10/$E$5 -> 0.18461538
A11: Map & Field Workflow | B11: 14 | C11: =B11/$E$5 -> 0.21538462
A12: Reliability & Delivery | B12: 7 | C12: =B12/$E$5 -> 0.10769231
A13: Auto Layers Update | B13: 15 | C13: =B13/$E$5 -> 0.23076923
A14: Testing & Release | B14: 9 | C14: =B14/$E$5 -> 0.13846154

Sheet Windows Layers auto updates
A1: Auto Layers Update – Windows
A2: 5 hours for online layers + 5 layers for offline layers
A4: Online Layers | C4: Offline Layers | E4: COMBINED BASELINE | G4: BUFFERED TOTAL
A5: 5 | C5: 5 | E5: =A5+C5 -> 10 | G5: =E5*(1+Assumptions!D6) -> 11.5
